Run;Accuracy;Precision_Macro;Recall_Macro;F1_Macro;Train_Samples;Test_Samples;Hyperparameters
run_01_50k;0.727925;0.5336110492786232;0.4378957821097765;0.4608459534227099;160000;40000;C: 1.0 | max_iter: 1000 | solver: saga | max_features: 10000 | min_df: 2 | max_df: 0.95 | ngram_range: (1, 2) | stop_words: english | sublinear_tf: False
run_02_250k;0.74392;0.5418137612226241;0.4596041157373801;0.478312888651172;800000;200000;C: 1.0 | max_iter: 1000 | solver: saga | max_features: 10000 | min_df: 2 | max_df: 0.95 | ngram_range: (1, 2) | stop_words: english | sublinear_tf: False
run_04_1250k;0.7581224882231502;0.5601319210697214;0.4686095040532082;0.4867652124873587;3561222;890306;C: 1.0 | max_iter: 1000 | solver: saga | max_features: 10000 | min_df: 2 | max_df: 0.95 | ngram_range: (1, 2) | stop_words: english | sublinear_tf: False
run_05_1250k;0.7580270154306497;0.5618477205400926;0.4667180766656752;0.4852833677606842;3561222;890306;C: 0.5 | max_iter: 1000 | solver: saga | max_features: 10000 | min_df: 2 | max_df: 0.95 | ngram_range: (1, 2) | stop_words: english | sublinear_tf: False
run_06_1250k;0.7577675540769129;0.5628236813325947;0.4641787650417344;0.483018885741485;3561222;890306;C: 0.5 | max_iter: 1000 | solver: lbfgs | max_features: 10000 | min_df: 2 | max_df: 0.95 | ngram_range: (1, 2) | stop_words: english | sublinear_tf: False
