{
  "accuracy": 0.7244333333333334,
  "val_accuracy": 0.7103666666666667,
  "confusion_matrix": [
    [
      1219,
      113,
      145,
      79,
      405
    ],
    [
      325,
      127,
      245,
      121,
      392
    ],
    [
      186,
      125,
      581,
      391,
      1008
    ],
    [
      72,
      34,
      266,
      857,
      3442
    ],
    [
      87,
      47,
      172,
      612,
      18949
    ]
  ],
  "num_train_samples": 140000,
  "num_val_samples": 30000,
  "num_test_samples": 30000,
  "classes": [
    "1 Star",
    "2 Stars",
    "3 Stars",
    "4 Stars",
    "5 Stars"
  ],
  "hyperparameters": {
    "C": 1.0,
    "max_iter": 2000,
    "max_features": 10000,
    "min_df": 2,
    "max_df": 0.95,
    "ngram_range": [
      1,
      2
    ],
    "stop_words": "english",
    "sublinear_tf": false
  }
}