{
  "run": "run_06_1250k",
  "accuracy": 0.7295873553587193,
  "precision_macro": 0.5019759853811595,
  "recall_macro": 0.5253265458258006,
  "f1_macro": 0.5090426061576181,
  "classification_report": {
    "1 Star": {
      "precision": 0.5999477738608173,
      "recall": 0.7701009762433486,
      "f1-score": 0.6744582866998147,
      "support": 71601.0
    },
    "2 Stars": {
      "precision": 0.27476058735901254,
      "recall": 0.3334366364505049,
      "f1-score": 0.3012682152815858,
      "support": 38721.0
    },
    "3 Stars": {
      "precision": 0.36875337119649715,
      "recall": 0.36161672734061423,
      "f1-score": 0.3651501822294835,
      "support": 64278.0
    },
    "4 Stars": {
      "precision": 0.3981240912449646,
      "recall": 0.2837810285947296,
      "f1-score": 0.33136593591905567,
      "support": 117714.0
    },
    "5 Stars": {
      "precision": 0.868294103244506,
      "recall": 0.8776973604998061,
      "f1-score": 0.8729704106581508,
      "support": 597992.0
    },
    "accuracy": 0.7295873553587193,
    "macro avg": {
      "precision": 0.5019759853811595,
      "recall": 0.5253265458258006,
      "f1-score": 0.5090426061576181,
      "support": 890306.0
    },
    "weighted avg": {
      "precision": 0.7226687241435007,
      "recall": 0.7295873553587193,
      "f1-score": 0.7238681412394424,
      "support": 890306.0
    }
  },
  "num_train_samples": 3561222,
  "num_test_samples": 890306,
  "train_file": "train_0_1250000_80_0_20.jsonl",
  "test_file": "test_0_1250000_80_0_20.jsonl",
  "classes": [
    "1 Star",
    "2 Stars",
    "3 Stars",
    "4 Stars",
    "5 Stars"
  ],
  "hyperparameters": {
    "C": 0.5,
    "max_iter": 2000,
    "max_features": 10000,
    "min_df": 2,
    "max_df": 0.95,
    "ngram_range": [
      1,
      2
    ],
    "stop_words": "english",
    "sublinear_tf": false
  }
}